[{"model": "contenttypes.contenttype", "pk": 1, "fields": {"app_label": "admin", "model": "logentry"}}, {"model": "contenttypes.contenttype", "pk": 2, "fields": {"app_label": "constance", "model": "config"}}, {"model": "contenttypes.contenttype", "pk": 3, "fields": {"app_label": "auth", "model": "permission"}}, {"model": "contenttypes.contenttype", "pk": 4, "fields": {"app_label": "auth", "model": "group"}}, {"model": "contenttypes.contenttype", "pk": 5, "fields": {"app_label": "contenttypes", "model": "contenttype"}}, {"model": "contenttypes.contenttype", "pk": 6, "fields": {"app_label": "sessions", "model": "session"}}, {"model": "contenttypes.contenttype", "pk": 7, "fields": {"app_label": "sites", "model": "site"}}, {"model": "contenttypes.contenttype", "pk": 8, "fields": {"app_label": "empleado", "model": "empleado"}}, {"model": "contenttypes.contenttype", "pk": 9, "fields": {"app_label": "producto", "model": "producto"}}, {"model": "contenttypes.contenttype", "pk": 10, "fields": {"app_label": "cliente", "model": "cliente"}}, {"model": "contenttypes.contenttype", "pk": 11, "fields": {"app_label": "venta", "model": "detalleventa"}}, {"model": "contenttypes.contenttype", "pk": 12, "fields": {"app_label": "venta", "model": "venta"}}, {"model": "contenttypes.contenttype", "pk": 13, "fields": {"app_label": "proveedor", "model": "proveedor"}}, {"model": "contenttypes.contenttype", "pk": 14, "fields": {"app_label": "messenger", "model": "messengerinfo"}}, {"model": "contenttypes.contenttype", "pk": 15, "fields": {"app_label": "repuesto", "model": "repuesto"}}, {"model": "contenttypes.contenttype", "pk": 16, "fields": {"app_label": "propaganda", "model": "propaganda"}}, {"model": "contenttypes.contenttype", "pk": 17, "fields": {"app_label": "reparacion", "model": "asistencia"}}, {"model": "contenttypes.contenttype", "pk": 18, "fields": {"app_label": "reparacion", "model": "detalleasistencia"}}, {"model": "contenttypes.contenttype", "pk": 19, "fields": {"app_label": "users", "model": "user"}}, {"model": "contenttypes.contenttype", "pk": 20, "fields": {"app_label": "users", "model": "useraction"}}, {"model": "sessions.session", "pk": "nz7859ppiehckgxsavo264hmh4xc1ep4", "fields": {"session_data": "YjBjZTI0YmVlYWUyNTA4ZjdkOGVhM2E4YWNhOTk5M2U1NjE4OTUzNDp7Il9hdXRoX3VzZXJfaWQiOiIxIiwiX2F1dGhfdXNlcl9oYXNoIjoiNWU2Y2Q1MmJjMzQxMzJiNmYwMzhiMGRhZDVkNjkwYmJkYTE0MzJjYyIsIl9hdXRoX3VzZXJfYmFja2VuZCI6ImRqYW5nby5jb250cmliLmF1dGguYmFja2VuZHMuTW9kZWxCYWNrZW5kIn0=", "expire_date": "2017-11-08T02:17:06.282Z"}}, {"model": "sessions.session", "pk": "vc8sqcyj9jumb05n6j19bm5dnrbwvs57", "fields": {"session_data": "ZmQ3OTVhMThlM2QxNWRjNmMwMjM1ZmM3M2UzZTc5NTYxMmQ1OWRmYjp7Il9hdXRoX3VzZXJfaGFzaCI6IjVlNmNkNTJiYzM0MTMyYjZmMDM4YjBkYWQ1ZDY5MGJiZGExNDMyY2MiLCJfYXV0aF91c2VyX2lkIjoiMSIsIl9hdXRoX3VzZXJfYmFja2VuZCI6ImRqYW5nby5jb250cmliLmF1dGguYmFja2VuZHMuTW9kZWxCYWNrZW5kIn0=", "expire_date": "2017-11-08T00:16:32.321Z"}}, {"model": "sites.site", "pk": 1, "fields": {"domain": "example.com", "name": "example.com"}}, {"model": "producto.producto", "pk": 1, "fields": {"numero_serie": "USM-1001", "nombre": "Scooter 2001", "marca": "USM", "color": "PLOMO", "cantidad": 393, "precio_compra": "2300.00", "precio_venta": "2400.00", "proveedor": 1, "caracteristicas": "Son motos a las que, de f\u00e1brica, se les han eliminado todos los elementos accesorios. No tienen carenado y la mayor parte de su mec\u00e1nica queda al descubierto. Dentro de las motos naked podemos encontrar el estilo roadster (ideales para viajes) o streetfighter (para un uso m\u00e1s deportivo).", "tipo": "Scooter", "imagen": "imagenes/productos/DRAGON2016.jpg", "habilitado": true}}, {"model": "producto.producto", "pk": 2, "fields": {"numero_serie": "USM-1002", "nombre": "Scooter 2003", "marca": "USM", "color": "VERDE", "cantidad": 500, "precio_compra": "2400.00", "precio_venta": "2600.00", "proveedor": 1, "caracteristicas": "Son motos a las que, de f\u00e1brica, se les han eliminado todos los elementos accesorios. No tienen carenado y la mayor parte de su mec\u00e1nica queda al descubierto. Dentro de las motos naked podemos encontrar el estilo roadster (ideales para viajes) o streetfighter (para un uso m\u00e1s deportivo).", "tipo": "Scooter", "imagen": "imagenes/productos/DRAGON2016_jCoO4pA.jpg", "habilitado": true}}, {"model": "producto.producto", "pk": 3, "fields": {"numero_serie": "USM-1003", "nombre": "Scooter 2005", "marca": "USM", "color": "AZUL PLATEADO", "cantidad": 400, "precio_compra": "2300.00", "precio_venta": "2400.00", "proveedor": 1, "caracteristicas": "Son motos a las que, de f\u00e1brica, se les han eliminado todos los elementos accesorios. No tienen carenado y la mayor parte de su mec\u00e1nica queda al descubierto. Dentro de las motos naked podemos encontrar el estilo roadster (ideales para viajes) o streetfighter (para un uso m\u00e1s deportivo).", "tipo": "Scooter", "imagen": "imagenes/productos/DRAGON2016_yNe6ddl.jpg", "habilitado": true}}, {"model": "producto.producto", "pk": 4, "fields": {"numero_serie": "USM-2001", "nombre": "Urbana 2001", "marca": "USM", "color": "Verde", "cantidad": 400, "precio_compra": "2400.00", "precio_venta": "2500.00", "proveedor": 2, "caracteristicas": "El significado de \u201ctrail\u201d es algo as\u00ed como \u201csendero\u201d, con lo cual nos podemos hacer una idea del \u00e1mbito en el que estas motos son m\u00e1s efectivas. Son motos altas y pesadas, que suelen calzar neum\u00e1ticos mixtos. Est\u00e1n pensadas para largas rutas por fuera de carretera, aunque tambi\u00e9n est\u00e1n preparadas para circular sobre asfalto. Este tipo de motos son las que participan en raids como el Dakar.", "tipo": "Urbana", "imagen": "imagenes/productos/cruisser250AZUL.jpg", "habilitado": true}}, {"model": "producto.producto", "pk": 5, "fields": {"numero_serie": "USM-2002", "nombre": "Urbana 2009", "marca": "USM", "color": "Negro", "cantidad": 300, "precio_compra": "2300.00", "precio_venta": "2400.00", "proveedor": 2, "caracteristicas": "El significado de \u201ctrail\u201d es algo as\u00ed como \u201csendero\u201d, con lo cual nos podemos hacer una idea del \u00e1mbito en el que estas motos son m\u00e1s efectivas. Son motos altas y pesadas, que suelen calzar neum\u00e1ticos mixtos. Est\u00e1n pensadas para largas rutas por fuera de carretera, aunque tambi\u00e9n est\u00e1n preparadas para circular sobre asfalto. Este tipo de motos son las que participan en raids como el Dakar.", "tipo": "Urbana", "imagen": "", "habilitado": true}}, {"model": "producto.producto", "pk": 6, "fields": {"numero_serie": "USM-2003", "nombre": "Urbana", "marca": "USM", "color": "Rojo", "cantidad": 300, "precio_compra": "2300.00", "precio_venta": "2500.00", "proveedor": 2, "caracteristicas": "El significado de \u201ctrail\u201d es algo as\u00ed como \u201csendero\u201d, con lo cual nos podemos hacer una idea del \u00e1mbito en el que estas motos son m\u00e1s efectivas. Son motos altas y pesadas, que suelen calzar neum\u00e1ticos mixtos. Est\u00e1n pensadas para largas rutas por fuera de carretera, aunque tambi\u00e9n est\u00e1n preparadas para circular sobre asfalto. Este tipo de motos son las que participan en raids como el Dakar.", "tipo": "Urbana", "imagen": "imagenes/productos/cruisser250AZUL_WvZd3B1.jpg", "habilitado": true}}, {"model": "producto.producto", "pk": 7, "fields": {"numero_serie": "USM-3001", "nombre": "Trabajo 2001", "marca": "USM", "color": "Rojo", "cantidad": 300, "precio_compra": "4500.00", "precio_venta": "4800.00", "proveedor": 3, "caracteristicas": "El significado de \u201ctrail\u201d es algo as\u00ed como \u201csendero\u201d, con lo cual nos podemos hacer una idea del \u00e1mbito en el que estas motos son m\u00e1s efectivas. Son motos altas y pesadas, que suelen calzar neum\u00e1ticos mixtos. Est\u00e1n pensadas para largas rutas por fuera de carretera, aunque tambi\u00e9n est\u00e1n preparadas para circular sobre asfalto. Este tipo de motos son las que participan en raids como el Dakar.", "tipo": "Trabajo", "imagen": "imagenes/productos/TANQUE.jpg", "habilitado": true}}, {"model": "producto.producto", "pk": 8, "fields": {"numero_serie": "USM-3002", "nombre": "Trabajo 2005", "marca": "USM", "color": "Azul", "cantidad": 400, "precio_compra": "2300.00", "precio_venta": "2340.00", "proveedor": 2, "caracteristicas": "El significado de \u201ctrail\u201d es algo as\u00ed como \u201csendero\u201d, con lo cual nos podemos hacer una idea del \u00e1mbito en el que estas motos son m\u00e1s efectivas. Son motos altas y pesadas, que suelen calzar neum\u00e1ticos mixtos. Est\u00e1n pensadas para largas rutas por fuera de carretera, aunque tambi\u00e9n est\u00e1n preparadas para circular sobre asfalto. Este tipo de motos son las que participan en raids como el Dakar.", "tipo": "Trabajo", "imagen": "imagenes/productos/TANQUE_1dEC6Tx.jpg", "habilitado": true}}, {"model": "producto.producto", "pk": 9, "fields": {"numero_serie": "USM-3003", "nombre": "Trabajo 2000", "marca": "USM", "color": "Plomo", "cantidad": 300, "precio_compra": "3444.00", "precio_venta": "3566.00", "proveedor": 2, "caracteristicas": "El significado de \u201ctrail\u201d es algo as\u00ed como \u201csendero\u201d, con lo cual nos podemos hacer una idea del \u00e1mbito en el que estas motos son m\u00e1s efectivas. Son motos altas y pesadas, que suelen calzar neum\u00e1ticos mixtos. Est\u00e1n pensadas para largas rutas por fuera de carretera, aunque tambi\u00e9n est\u00e1n preparadas para circular sobre asfalto. Este tipo de motos son las que participan en raids como el Dakar.", "tipo": "Trabajo", "imagen": "imagenes/productos/TANQUE_SeQrCMz.jpg", "habilitado": true}}, {"model": "producto.producto", "pk": 10, "fields": {"numero_serie": "USM-4001", "nombre": "Touring 5005", "marca": "USM", "color": "Negro", "cantidad": 3000, "precio_compra": "5000.00", "precio_venta": "5600.00", "proveedor": 1, "caracteristicas": "El significado de \u201ctrail\u201d es algo as\u00ed como \u201csendero\u201d, con lo cual nos podemos hacer una idea del \u00e1mbito en el que estas motos son m\u00e1s efectivas. Son motos altas y pesadas, que suelen calzar neum\u00e1ticos mixtos. Est\u00e1n pensadas para largas rutas por fuera de carretera, aunque tambi\u00e9n est\u00e1n preparadas para circular sobre asfalto. Este tipo de motos son las que participan en raids como el Dakar.", "tipo": "Touring", "imagen": "imagenes/productos/GLT150.jpg", "habilitado": true}}, {"model": "producto.producto", "pk": 11, "fields": {"numero_serie": "USM-5001", "nombre": "Cross 3003", "marca": "USM", "color": "Verde", "cantidad": 296, "precio_compra": "2300.00", "precio_venta": "2340.00", "proveedor": 1, "caracteristicas": "El significado de \u201ctrail\u201d es algo as\u00ed como \u201csendero\u201d, con lo cual nos podemos hacer una idea del \u00e1mbito en el que estas motos son m\u00e1s efectivas. Son motos altas y pesadas, que suelen calzar neum\u00e1ticos mixtos. Est\u00e1n pensadas para largas rutas por fuera de carretera, aunque tambi\u00e9n est\u00e1n preparadas para circular sobre asfalto. Este tipo de motos son las que participan en raids como el Dakar.", "tipo": "Cross", "imagen": "imagenes/productos/DRAGON2016_SoSm6Ha.jpg", "habilitado": true}}, {"model": "producto.producto", "pk": 12, "fields": {"numero_serie": "USM-8001", "nombre": "Naked 3003", "marca": "USM", "color": "Rojo", "cantidad": 3998, "precio_compra": "3400.00", "precio_venta": "3500.00", "proveedor": 3, "caracteristicas": "El significado de \u201ctrail\u201d es algo as\u00ed como \u201csendero\u201d, con lo cual nos podemos hacer una idea del \u00e1mbito en el que estas motos son m\u00e1s efectivas. Son motos altas y pesadas, que suelen calzar neum\u00e1ticos mixtos. Est\u00e1n pensadas para largas rutas por fuera de carretera, aunque tambi\u00e9n est\u00e1n preparadas para circular sobre asfalto. Este tipo de motos son las que participan en raids como el Dakar.", "tipo": "Naked", "imagen": "imagenes/productos/-STREED-FT.jpg", "habilitado": true}}, {"model": "producto.producto", "pk": 13, "fields": {"numero_serie": "USM-8002", "nombre": "Naked 6002", "marca": "USM", "color": "Rojo", "cantidad": 496, "precio_compra": "5000.00", "precio_venta": "6000.00", "proveedor": 2, "caracteristicas": "El significado de \u201ctrail\u201d es algo as\u00ed como \u201csendero\u201d, con lo cual nos podemos hacer una idea del \u00e1mbito en el que estas motos son m\u00e1s efectivas. Son motos altas y pesadas, que suelen calzar neum\u00e1ticos mixtos. Est\u00e1n pensadas para largas rutas por fuera de carretera, aunque tambi\u00e9n est\u00e1n preparadas para circular sobre asfalto. Este tipo de motos son las que participan en raids como el Dakar.", "tipo": "Naked", "imagen": "imagenes/productos/-STREED.jpg", "habilitado": true}}, {"model": "producto.producto", "pk": 14, "fields": {"numero_serie": "USM-6001", "nombre": "Casco", "marca": "USM", "color": "Negro", "cantidad": 190, "precio_compra": "230.00", "precio_venta": "280.00", "proveedor": 3, "caracteristicas": "Casco para proteccion de cabeza", "tipo": "Accesorio", "imagen": "imagenes/productos/casco.jpg", "habilitado": true}}, {"model": "producto.producto", "pk": 15, "fields": {"numero_serie": "USM-6002", "nombre": "Guantes", "marca": "USM", "color": "Negro", "cantidad": 192, "precio_compra": "230.00", "precio_venta": "270.00", "proveedor": 1, "caracteristicas": "Guantes para motos", "tipo": "Accesorio", "imagen": "imagenes/productos/Guantes-Fox-Bomber.jpg", "habilitado": true}}, {"model": "cliente.cliente", "pk": 1, "fields": {"cedula": "10001547", "nombre": "NOELIA STEPHANIE", "apellidos": "ROJAS  CAMEO", "celular": 77204114, "email": "quirogastheff@gmail.com", "habilitado": true}}, {"model": "cliente.cliente", "pk": 2, "fields": {"cedula": "10032428", "nombre": "KATHERINE MABEL", "apellidos": "HUALLPARA HUALLPARA", "celular": 77230618, "email": "kmamanihuallpara@gmail.com", "habilitado": true}}, {"model": "cliente.cliente", "pk": 3, "fields": {"cedula": "10901487", "nombre": "VERONICA EVELYN", "apellidos": "TARQUI JIMENEZ", "celular": 69706655, "email": "Simplementevra@gmail.com", "habilitado": true}}, {"model": "cliente.cliente", "pk": 4, "fields": {"cedula": "10909389", "nombre": "JHOVANA", "apellidos": "HILARI MARCA", "celular": 69762669, "email": "jhovana.hilari_@hotmail.com", "habilitado": true}}, {"model": "cliente.cliente", "pk": 5, "fields": {"cedula": "4318727", "nombre": "ANGELINE CAROLINA", "apellidos": "BREDREGAL HERRERA", "celular": 76265415, "email": "krissblackmet666@gmail.com", "habilitado": true}}, {"model": "cliente.cliente", "pk": 6, "fields": {"cedula": "4740191", "nombre": "JAVIER SEBASTIAN", "apellidos": "ROJAS TICONA", "celular": 70166746, "email": "sebs_rr@hotmail.com", "habilitado": true}}, {"model": "cliente.cliente", "pk": 7, "fields": {"cedula": "4765419", "nombre": "BEATRIZ FREDERIKA", "apellidos": "RAVA GONZALES", "celular": 76770529, "email": "pabea_93@hotmail.com", "habilitado": true}}, {"model": "cliente.cliente", "pk": 8, "fields": {"cedula": "4775209", "nombre": "SHEILA ALISON", "apellidos": "VARGAS QUIROGA", "celular": 68171912, "email": "chirinosalinasa@gmail.com", "habilitado": true}}, {"model": "cliente.cliente", "pk": 9, "fields": {"cedula": "4804998", "nombre": "ALICIA ELSA", "apellidos": "AGUILAR CONDORI", "celular": 65116849, "email": "aliciadiana4475@gmail.com", "habilitado": true}}, {"model": "cliente.cliente", "pk": 10, "fields": {"cedula": "4809148", "nombre": "LEISBETH TIBISAY", "apellidos": "SAAVEDRA AQUINO", "celular": 70524397, "email": "lquipildorsaavedra@gmail.com", "habilitado": true}}, {"model": "cliente.cliente", "pk": 11, "fields": {"cedula": "4810312", "nombre": "IVAN", "apellidos": "VEDIA MENDIETA", "celular": 70644617, "email": "psicoloquisimo@hotmail.com", "habilitado": true}}, {"model": "venta.detalleventa", "pk": 1, "fields": {"factura": 1, "producto": 12, "precio": "3500.00", "cantidad": 2, "subtotal": 7000.0}}, {"model": "venta.detalleventa", "pk": 2, "fields": {"factura": 1, "producto": 14, "precio": "280.00", "cantidad": 1, "subtotal": 280.0}}, {"model": "venta.detalleventa", "pk": 3, "fields": {"factura": 1, "producto": 15, "precio": "270.00", "cantidad": 3, "subtotal": 810.0}}, {"model": "venta.detalleventa", "pk": 4, "fields": {"factura": 2, "producto": 11, "precio": "2340.00", "cantidad": 4, "subtotal": 9360.0}}, {"model": "venta.detalleventa", "pk": 5, "fields": {"factura": 2, "producto": 13, "precio": "6000.00", "cantidad": 4, "subtotal": 24000.0}}, {"model": "venta.detalleventa", "pk": 6, "fields": {"factura": 2, "producto": 14, "precio": "280.00", "cantidad": 1, "subtotal": 280.0}}, {"model": "venta.detalleventa", "pk": 7, "fields": {"factura": 2, "producto": 1, "precio": "2400.00", "cantidad": 3, "subtotal": 7200.0}}, {"model": "venta.detalleventa", "pk": 8, "fields": {"factura": 3, "producto": 14, "precio": "280.00", "cantidad": 4, "subtotal": 1120.0}}, {"model": "venta.detalleventa", "pk": 9, "fields": {"factura": 3, "producto": 14, "precio": "280.00", "cantidad": 4, "subtotal": 1120.0}}, {"model": "venta.detalleventa", "pk": 10, "fields": {"factura": 3, "producto": 15, "precio": "270.00", "cantidad": 5, "subtotal": 1350.0}}, {"model": "venta.detalleventa", "pk": 11, "fields": {"factura": 3, "producto": 1, "precio": "2400.00", "cantidad": 4, "subtotal": 9600.0}}, {"model": "proveedor.proveedor", "pk": 1, "fields": {"nombre": "Proveedor Galarza", "direccion": "Zona Villa San Antonio", "telefono": 2234455, "ciudad": "La Paz", "email": "gala@gmail.com", "habilitado": true}}, {"model": "proveedor.proveedor", "pk": 2, "fields": {"nombre": "Proveedor Mendez", "direccion": "Zona Yunguyo 6b", "telefono": 2344456, "ciudad": "El Alto", "email": "proMendez@gmail.com", "habilitado": true}}, {"model": "proveedor.proveedor", "pk": 3, "fields": {"nombre": "USM CBBA", "direccion": "Zona jala", "telefono": 23434555, "ciudad": "Cochabamba", "email": "usmcbba@gmail.com", "habilitado": true}}, {"model": "propaganda.propaganda", "pk": 1, "fields": {"nombre": "Promo Agosto", "descripcion": "Promo por Mes patrio", "url": "https://www.facebook.com/442347556108263/photos/a.459526434390375.1073741828.442347556108263/459526587723693/?type=3&theater", "habilitado": true}}, {"model": "propaganda.propaganda", "pk": 2, "fields": {"nombre": "Promo Chukuta", "descripcion": "Promo Chukuta", "url": "https://www.facebook.com/442347556108263/photos/a.459526434390375.1073741828.442347556108263/459526411057044/?type=3&theater", "habilitado": true}}, {"model": "auth.permission", "pk": 1, "fields": {"name": "Can add log entry", "content_type": 1, "codename": "add_logentry"}}, {"model": "auth.permission", "pk": 2, "fields": {"name": "Can change log entry", "content_type": 1, "codename": "change_logentry"}}, {"model": "auth.permission", "pk": 3, "fields": {"name": "Can delete log entry", "content_type": 1, "codename": "delete_logentry"}}, {"model": "auth.permission", "pk": 4, "fields": {"name": "Can change config", "content_type": 2, "codename": "change_config"}}, {"model": "auth.permission", "pk": 5, "fields": {"name": "Can add permission", "content_type": 3, "codename": "add_permission"}}, {"model": "auth.permission", "pk": 6, "fields": {"name": "Can change permission", "content_type": 3, "codename": "change_permission"}}, {"model": "auth.permission", "pk": 7, "fields": {"name": "Can delete permission", "content_type": 3, "codename": "delete_permission"}}, {"model": "auth.permission", "pk": 8, "fields": {"name": "Can add group", "content_type": 4, "codename": "add_group"}}, {"model": "auth.permission", "pk": 9, "fields": {"name": "Can change group", "content_type": 4, "codename": "change_group"}}, {"model": "auth.permission", "pk": 10, "fields": {"name": "Can delete group", "content_type": 4, "codename": "delete_group"}}, {"model": "auth.permission", "pk": 11, "fields": {"name": "Can add content type", "content_type": 5, "codename": "add_contenttype"}}, {"model": "auth.permission", "pk": 12, "fields": {"name": "Can change content type", "content_type": 5, "codename": "change_contenttype"}}, {"model": "auth.permission", "pk": 13, "fields": {"name": "Can delete content type", "content_type": 5, "codename": "delete_contenttype"}}, {"model": "auth.permission", "pk": 14, "fields": {"name": "Can add session", "content_type": 6, "codename": "add_session"}}, {"model": "auth.permission", "pk": 15, "fields": {"name": "Can change session", "content_type": 6, "codename": "change_session"}}, {"model": "auth.permission", "pk": 16, "fields": {"name": "Can delete session", "content_type": 6, "codename": "delete_session"}}, {"model": "auth.permission", "pk": 17, "fields": {"name": "Can add site", "content_type": 7, "codename": "add_site"}}, {"model": "auth.permission", "pk": 18, "fields": {"name": "Can change site", "content_type": 7, "codename": "change_site"}}, {"model": "auth.permission", "pk": 19, "fields": {"name": "Can delete site", "content_type": 7, "codename": "delete_site"}}, {"model": "auth.permission", "pk": 20, "fields": {"name": "Can add empleado", "content_type": 8, "codename": "add_empleado"}}, {"model": "auth.permission", "pk": 21, "fields": {"name": "Can change empleado", "content_type": 8, "codename": "change_empleado"}}, {"model": "auth.permission", "pk": 22, "fields": {"name": "Can delete empleado", "content_type": 8, "codename": "delete_empleado"}}, {"model": "auth.permission", "pk": 23, "fields": {"name": "Can add Producto", "content_type": 9, "codename": "add_producto"}}, {"model": "auth.permission", "pk": 24, "fields": {"name": "Can change Producto", "content_type": 9, "codename": "change_producto"}}, {"model": "auth.permission", "pk": 25, "fields": {"name": "Can delete Producto", "content_type": 9, "codename": "delete_producto"}}, {"model": "auth.permission", "pk": 26, "fields": {"name": "Can add cliente", "content_type": 10, "codename": "add_cliente"}}, {"model": "auth.permission", "pk": 27, "fields": {"name": "Can change cliente", "content_type": 10, "codename": "change_cliente"}}, {"model": "auth.permission", "pk": 28, "fields": {"name": "Can delete cliente", "content_type": 10, "codename": "delete_cliente"}}, {"model": "auth.permission", "pk": 29, "fields": {"name": "Can add detalle venta", "content_type": 11, "codename": "add_detalleventa"}}, {"model": "auth.permission", "pk": 30, "fields": {"name": "Can change detalle venta", "content_type": 11, "codename": "change_detalleventa"}}, {"model": "auth.permission", "pk": 31, "fields": {"name": "Can delete detalle venta", "content_type": 11, "codename": "delete_detalleventa"}}, {"model": "auth.permission", "pk": 32, "fields": {"name": "Can add venta", "content_type": 12, "codename": "add_venta"}}, {"model": "auth.permission", "pk": 33, "fields": {"name": "Can change venta", "content_type": 12, "codename": "change_venta"}}, {"model": "auth.permission", "pk": 34, "fields": {"name": "Can delete venta", "content_type": 12, "codename": "delete_venta"}}, {"model": "auth.permission", "pk": 35, "fields": {"name": "Can add proveedor", "content_type": 13, "codename": "add_proveedor"}}, {"model": "auth.permission", "pk": 36, "fields": {"name": "Can change proveedor", "content_type": 13, "codename": "change_proveedor"}}, {"model": "auth.permission", "pk": 37, "fields": {"name": "Can delete proveedor", "content_type": 13, "codename": "delete_proveedor"}}, {"model": "auth.permission", "pk": 38, "fields": {"name": "Can add Usuario", "content_type": 14, "codename": "add_messengerinfo"}}, {"model": "auth.permission", "pk": 39, "fields": {"name": "Can change Usuario", "content_type": 14, "codename": "change_messengerinfo"}}, {"model": "auth.permission", "pk": 40, "fields": {"name": "Can delete Usuario", "content_type": 14, "codename": "delete_messengerinfo"}}, {"model": "auth.permission", "pk": 41, "fields": {"name": "Can add repuesto", "content_type": 15, "codename": "add_repuesto"}}, {"model": "auth.permission", "pk": 42, "fields": {"name": "Can change repuesto", "content_type": 15, "codename": "change_repuesto"}}, {"model": "auth.permission", "pk": 43, "fields": {"name": "Can delete repuesto", "content_type": 15, "codename": "delete_repuesto"}}, {"model": "auth.permission", "pk": 44, "fields": {"name": "Can add Propaganda", "content_type": 16, "codename": "add_propaganda"}}, {"model": "auth.permission", "pk": 45, "fields": {"name": "Can change Propaganda", "content_type": 16, "codename": "change_propaganda"}}, {"model": "auth.permission", "pk": 46, "fields": {"name": "Can delete Propaganda", "content_type": 16, "codename": "delete_propaganda"}}, {"model": "auth.permission", "pk": 47, "fields": {"name": "Can add asistencia", "content_type": 17, "codename": "add_asistencia"}}, {"model": "auth.permission", "pk": 48, "fields": {"name": "Can change asistencia", "content_type": 17, "codename": "change_asistencia"}}, {"model": "auth.permission", "pk": 49, "fields": {"name": "Can delete asistencia", "content_type": 17, "codename": "delete_asistencia"}}, {"model": "auth.permission", "pk": 50, "fields": {"name": "Can add detalle asistencia", "content_type": 18, "codename": "add_detalleasistencia"}}, {"model": "auth.permission", "pk": 51, "fields": {"name": "Can change detalle asistencia", "content_type": 18, "codename": "change_detalleasistencia"}}, {"model": "auth.permission", "pk": 52, "fields": {"name": "Can delete detalle asistencia", "content_type": 18, "codename": "delete_detalleasistencia"}}, {"model": "auth.permission", "pk": 53, "fields": {"name": "Can add User", "content_type": 19, "codename": "add_user"}}, {"model": "auth.permission", "pk": 54, "fields": {"name": "Can change User", "content_type": 19, "codename": "change_user"}}, {"model": "auth.permission", "pk": 55, "fields": {"name": "Can delete User", "content_type": 19, "codename": "delete_user"}}, {"model": "auth.permission", "pk": 56, "fields": {"name": "Can add Action", "content_type": 20, "codename": "add_useraction"}}, {"model": "auth.permission", "pk": 57, "fields": {"name": "Can change Action", "content_type": 20, "codename": "change_useraction"}}, {"model": "auth.permission", "pk": 58, "fields": {"name": "Can delete Action", "content_type": 20, "codename": "delete_useraction"}}, {"model": "users.user", "pk": 1, "fields": {"password": "pbkdf2_sha256$30000$8JPLW0DwmxX9$9kaqPoFDoTrTHDhBHMCHqrfB3IlyNxq2DHBA4wfjQh0=", "last_login": "2017-10-25T02:17:06.048Z", "is_superuser": true, "first_name": "", "last_name": "", "is_staff": true, "is_active": true, "date_joined": "2017-10-24T20:58:57.404Z", "username": "demo", "email": "demo@mail.com", "photo": "", "groups": [], "user_permissions": []}}, {"model": "venta.venta", "pk": 1, "fields": {"cliente": 9, "fecha": "2017-10-24", "total": 105170.0, "iva": 810.0, "vendedor": 1}}, {"model": "venta.venta", "pk": 2, "fields": {"cliente": 5, "fecha": "2017-10-25", "total": 530920.0, "iva": 7200.0, "vendedor": 1}}, {"model": "venta.venta", "pk": 3, "fields": {"cliente": 9, "fecha": "2017-10-25", "total": 171470.0, "iva": 9600.0, "vendedor": 1}}, {"model": "empleado.empleado", "pk": 1, "fields": {"empleado": 1, "nombre": "Alfredo", "apellidos": "Callizaya", "cedula": "6950564", "celular": "73053045", "tipo": "Gerente", "habilitado": true, "imagen": ""}}, {"model": "admin.logentry", "pk": 1, "fields": {"action_time": "2017-10-24T21:32:42.126Z", "user": 1, "content_type": 8, "object_id": "1", "object_repr": " -  Gerente", "action_flag": 1, "change_message": "[{\"added\": {}}]"}}]